channel_id,target_wavelength_nm,peak_wavelength_nm,peak_transmission_linear,peak_transmission_db,insertion_loss_db,adjacent_spacing_nm,worst_case_crosstalk_db,three_db_bandwidth_nm
1,1547.6,1547.6,0.5011872336272722,-3.0000000000000004,3.0000000000000004,1.6000000000001364,-13.705214345492966,1.0600000000001728
2,1549.2,1549.2,0.5011872336272722,-3.0000000000000004,3.0000000000000004,1.599999999999909,-13.705214345492966,1.0599999999999454
3,1550.8,1550.8,0.5011872336272722,-3.0000000000000004,3.0000000000000004,1.6000000000001364,-13.705214345492966,1.0599999999999454
4,1552.4,1552.4,0.5011872336272722,-3.0000000000000004,3.0000000000000004,,-13.705214345492966,1.0600000000001728
